QP,CP,Nat,Name,Statut,Details
1,1,ETH,Tigst ASSEFA,Qualified by Entry Standard,2:11:53 - Berlin (GER) - 24 SEP 2023
2,1,NED,Sifan HASSAN,Qualified by Entry Standard,"2:13:44 - Chicago, IL (USA) - 08 OCT 2023"
3,2,ETH,Amane Beriso SHANKULE,Qualified by Entry Standard,2:14:58 - Valencia (ESP) - 04 DEC 2022
4,1,KEN,Ruth CHEPNGETICH,Qualified by Entry Standard,"2:15:37 - Chicago, IL (USA) - 08 OCT 2023"
5,3,ETH,Worknesh DEGEFA,Qualified by Entry Standard,2:15:51 - Valencia (ESP) - 03 DEC 2023
,4,ETH,Sutume Asefa KEBEDE,Qualified by Entry Standard,2:15:55 - Tokyo (JPN) - 03 MAR 2024
,5,ETH,Tigist KETEMA,Qualified by Entry Standard,2:16:07 - Dubai (UAE) - 07 JAN 2024
6,2,KEN,Rosemary WANJIRU,Qualified by Entry Standard,2:16:14 - Tokyo (JPN) - 03 MAR 2024
,6,ETH,Almaz AYANA,Qualified by Entry Standard,2:16:22 - Valencia (ESP) - 03 DEC 2023
,7,ETH,Letesenbet GIDEY,Qualified by Entry Standard,2:16:49 - Valencia (ESP) - 04 DEC 2022
,8,ETH,Tsehay GEMECHU,Qualified by Entry Standard,2:16:56 - Tokyo (JPN) - 05 MAR 2023
,9,ETH,Megertu ALEMU,Qualified by Entry Standard,"2:17:09 - Chicago, IL (USA) - 08 OCT 2023"
7,3,KEN,Joyciline JEPKOSGEI,Qualified by Entry Standard,"2:17:23 - Chicago, IL (USA) - 08 OCT 2023"
,4,KEN,Sheila CHEPKIRUI,Qualified by Entry Standard,2:17:29 - Valencia (ESP) - 04 DEC 2022
,10,ETH,Tadu TESHOME,Qualified by Entry Standard,2:17:36 - Valencia (ESP) - 04 DEC 2022
,11,ETH,Hiwot GEBREKIDAN,Qualified by Entry Standard,2:17:59 - Valencia (ESP) - 03 DEC 2023
,12,ETH,Ruti AGA,Qualified by Entry Standard,2:18:09 - Dongying (CHN) - 22 OCT 2023
,5,KEN,Fancy CHEMUTAI,Qualified by Entry Standard,2:18:11 - Valencia (ESP) - 04 DEC 2022
,13,ETH,Meseret BELETE,Qualified by Entry Standard,2:18:21 - Amsterdam (NED) - 15 OCT 2023
,6,KEN,Peres JEPCHIRCHIR,Qualified by Entry Standard,2:18:38 - London (GBR) - 23 APR 2023
8,1,TAN,Magdalena SHAURI,Qualified by Entry Standard,2:18:41 - Berlin (GER) - 24 SEP 2023
,14,ETH,Tiruye MESFIN,Qualified by Entry Standard,2:18:47 - Valencia (ESP) - 04 DEC 2022
,15,ETH,Workenesh EDESA,Qualified by Entry Standard,2:18:51 - Osaka (JPN) - 28 JAN 2024
,16,ETH,Tigist GIRMA,Qualified by Entry Standard,2:18:52 - Valencia (ESP) - 04 DEC 2022
,17,ETH,Yalemzerf YEHUALAW,Qualified by Entry Standard,2:18:53 - London (GBR) - 23 APR 2023
9,1,JPN,Honami MAEDA,Qualified by Entry Standard,2:18:59 - Osaka (JPN) - 28 JAN 2024
,18,ETH,Zeineba YIMER,Qualified by Entry Standard,2:19:07 - Berlin (GER) - 24 SEP 2023
,19,ETH,Ashete BEKERE,Qualified by Entry Standard,2:19:11 - Tokyo (JPN) - 05 MAR 2023
,7,KEN,Brigid KOSGEI,Qualified by Entry Standard,2:19:15 - Abu Dhabi (UAE) - 16 DEC 2023
10,1,USA,Betsy SAINA,Qualified by Entry Standard,2:19:17 - Tokyo (JPN) - 03 MAR 2024
,20,ETH,Senbere TEFERI,Qualified by Entry Standard,2:19:21 - Berlin (GER) - 24 SEP 2023
11,2,JPN,Hitomi NIIYA,Qualified by Entry Standard,"2:19:24 - Houston, TX (USA) - 15 JAN 2023"
,21,ETH,Dera DIDA,Qualified by Entry Standard,2:19:24 - Berlin (GER) - 24 SEP 2023
,22,ETH,Buzunesh GETACHEW,Qualified by Entry Standard,2:19:27 - Frankfurt (GER) - 29 OCT 2023
,23,ETH,Rahma TUSA,Qualified by Entry Standard,"2:19:33 - Houston, TX (USA) - 14 JAN 2024"
,24,ETH,Helen BEKELE,Qualified by Entry Standard,2:19:44 - Berlin (GER) - 24 SEP 2023
,25,ETH,Meseret ABEBAYAHAU,Qualified by Entry Standard,2:19:50 - Amsterdam (NED) - 15 OCT 2023
,8,KEN,Vicoty CHEPNGENO,Qualified by Entry Standard,"2:19:55 - Houston, TX (USA) - 14 JAN 2024"
,9,KEN,Dorcas Jepchirchir TUITOEK,Qualified by Entry Standard,2:20:02 - Amsterdam (NED) - 15 OCT 2023
,26,ETH,Etagegne WOLDU,Qualified by Entry Standard,2:20:03 - Valencia (ESP) - 04 DEC 2022
,10,KEN,Selly Chepyego KAPTICH,Qualified by Entry Standard,2:20:03 - Barcelona (ESP) - 19 MAR 2023
12,1,UGA,Stella CHESANG,Qualified by Entry Standard,2:20:23 - Hamburg (GER) - 23 APR 2023
13,1,BRN,Eunice Chebichii CHUMBA,Qualified by Entry Standard,2:20:31 - Rotterdam (NED) - 16 APR 2023
14,1,ERI,Dolshi TESFU,Qualified by Entry Standard,2:20:40 - Valencia (ESP) - 04 DEC 2022
,12,KEN,Judith Jeptum KORIR,Qualified by Entry Standard,2:20:41 - London (GBR) - 23 APR 2023
,13,KEN,Celestine CHEPCHIRCHIR,Qualified by Entry Standard,2:20:46 - Valencia (ESP) - 03 DEC 2023
15,2,BRN,Desi Jisa MOKONIN,Qualified by Entry Standard,2:20:47 - Doha (QAT) - 20 JAN 2023
16,1,ROU,Delvine Relin MERINGOR,Qualified by Entry Standard,2:20:49 - Barcelona (ESP) - 19 MAR 2023
,14,KEN,Winfridah MOSETI,Qualified by Entry Standard,2:20:55 - Frankfurt (GER) - 29 OCT 2023
17,1,ESP,Majida MAAYOUF,Qualified by Entry Standard,2:21:01 - Valencia (ESP) - 04 DEC 2022
,27,ETH,Zinah SENBETA,Qualified by Entry Standard,2:21:05 - Ljubljana (SLO) - 22 OCT 2023
,15,KEN,Angela TANUI,Qualified by Entry Standard,2:21:12 - Abu Dhabi (UAE) - 17 DEC 2022
,28,ETH,Haven Hailu DESSE,Qualified by Entry Standard,2:21:13 - Osaka (JPN) - 29 JAN 2023
,29,ETH,Mare DIBABA,Qualified by Entry Standard,2:21:25 - Abu Dhabi (UAE) - 17 DEC 2022
18,1,TUR,Sultan HAYDAR,Qualified by Entry Standard,2:21:27 - Valencia (ESP) - 03 DEC 2023
,30,ETH,Siranesh YIRGA,Qualified by Entry Standard,2:21:28 - Shanghai (CHN) - 26 NOV 2023
,31,ETH,Bruktayit ESHETU,Qualified by Entry Standard,2:21:34 - Valencia (ESP) - 04 DEC 2022
19,1,AUS,Sinead DIVER,Qualified by Entry Standard,2:21:34 - Valencia (ESP) - 04 DEC 2022
20,3,JPN,Mizuki MATSUDA,Qualified by Entry Standard,2:21:44 - Tokyo (JPN) - 05 MAR 2023
,32,ETH,Genzebe DIBABA,Qualified by Entry Standard,"2:21:47 - Chicago, IL (USA) - 08 OCT 2023"
21,1,GER,Melat Yisak KEJETA,Qualified by Entry Standard,2:21:47 - Dubai (UAE) - 07 JAN 2024
,4,JPN,Ayuko SUZUKI,Qualified by Entry Standard,2:21:52 - Nagoya (JPN) - 12 MAR 2023
,33,ETH,Amid Fozya JEMAL,Qualified by Entry Standard,2:21:53 - Dubai (UAE) - 07 JAN 2024
,34,ETH,Aberu AYANA,Qualified by Entry Standard,2:21:54 - Sevilla (ESP) - 19 FEB 2023
22,3,BRN,Shitaye ESHETE,Qualified by Entry Standard,2:21:55 - Dubai (UAE) - 07 JAN 2024
,16,KEN,Vibian CHEPKURUI,Qualified by Entry Standard,2:21:57 - Beijing (CHN) - 29 OCT 2023
,17,KEN,Sharon CHELIMO,Qualified by Entry Standard,2:22:07 - Frankfurt (GER) - 29 OCT 2023
,35,ETH,Fikrte WERETA,Qualified by Entry Standard,2:22:07 - Shenzhen (CHN) - 03 DEC 2023
,5,JPN,Ai HOSODA,Qualified by Entry Standard,2:22:08 - Tokyo (JPN) - 05 MAR 2023
23,2,USA,Emily SISSON,Qualified by Entry Standard,"2:22:09 - Chicago, IL (USA) - 08 OCT 2023"
,36,ETH,Tsige HAILESLASE,Qualified by Entry Standard,2:22:10 - Hamburg (GER) - 23 APR 2023
24,3,USA,Fiona O'KEEFFE,Qualified by Entry Standard,"2:22:10 - Orlando, FL (USA) - 03 FEB 2024"
,37,ETH,Sisay Meseret GOLA,Qualified by Entry Standard,2:22:12 - Osaka (JPN) - 29 JAN 2023
,38,ETH,Azmera GEBRU,Qualified by Entry Standard,2:22:13 - Sevilla (ESP) - 18 FEB 2024
25,1,GBR,Charlotte PURDUE,Qualified by Entry Standard,2:22:17 - Berlin (GER) - 24 SEP 2023
26,2,GBR,Calli THACKERY,Qualified by Entry Standard,"2:22:17 - Valley Cottage, NY (USA) - 14 OCT 2023"
,18,KEN,Sandrafelis Chebet TUEI,Qualified by Entry Standard,2:22:22 - Shanghai (CHN) - 26 NOV 2023
,39,ETH,Anchialem HAYMANOT,Qualified by Entry Standard,2:22:23 - Amsterdam (NED) - 15 OCT 2023
,40,ETH,Atalel ANMUT,Qualified by Entry Standard,2:22:23 - Dubai (UAE) - 07 JAN 2024
,19,KEN,Beatrice CHEPTOO,Qualified by Entry Standard,2:22:28 - Doha (QAT) - 20 JAN 2023
,20,KEN,Marion KIBOR,Qualified by Entry Standard,2:22:35 - Hamburg (GER) - 23 APR 2023
,21,KEN,Josephine CHEPKOECH,Qualified by Entry Standard,2:22:38 - Sevilla (ESP) - 18 FEB 2024
,22,KEN,Shyline Jepkorir TOROITICH,Qualified by Entry Standard,2:22:45 - Enschede (NED) - 16 APR 2023
27,2,UGA,Rebecca CHEPTEGEI,Qualified by Entry Standard,2:22:47 - Abu Dhabi (UAE) - 17 DEC 2022
,23,KEN,Magdalyne MASAI,Qualified by Entry Standard,2:22:51 - Sevilla (ESP) - 18 FEB 2024
,41,ETH,Meseret DINKE,Qualified by Entry Standard,2:22:52 - Abu Dhabi (UAE) - 17 DEC 2022
,42,ETH,Bekelech GUDETA,Qualified by Entry Standard,2:22:54 - Xiamen (CHN) - 07 JAN 2024
,24,KEN,Viola Jelagat KIBIWOT,Qualified by Entry Standard,2:22:57 - Frankfurt (GER) - 29 OCT 2023
,6,JPN,Yuka ANDO,Qualified by Entry Standard,2:22:59 - Osaka (JPN) - 29 JAN 2023
,25,KEN,Janet RUGURU,Qualified by Entry Standard,2:23:00 - Beijing (CHN) - 29 OCT 2023
,26,KEN,Betty CHEPKWONY,Qualified by Entry Standard,2:23:02 - Roma (ITA) - 19 MAR 2023
,43,ETH,Urge DIRO,Qualified by Entry Standard,2:23:05 - Sevilla (ESP) - 19 FEB 2023
,44,ETH,Beyenu DEGEFA,Qualified by Entry Standard,2:23:07 - Osaka (JPN) - 26 FEB 2023
,4,USA,Molly SEIDEL,Qualified by Entry Standard,"2:23:07 - Chicago, IL (USA) - 08 OCT 2023"
,7,JPN,Momoko WATANABE,Qualified by Entry Standard,2:23:08 - Osaka (JPN) - 26 FEB 2023
28,2,AUS,Genevieve GREGSON,Qualified by Entry Standard,2:23:08 - Valencia (ESP) - 03 DEC 2023
,4,BRN,Ruth JEBET,Qualified by Entry Standard,2:23:08 - Mersin (TUR) - 10 DEC 2023
,45,ETH,Buze DIRIBA,Qualified by Entry Standard,2:23:11 - Toronto (CAN) - 15 OCT 2023
,46,ETH,Waganesh MEKASHA,Qualified by Entry Standard,2:23:12 - Toronto (CAN) - 15 OCT 2023
,28,KEN,Rodah JEPKORIR,Qualified by Entry Standard,2:23:14 - København (DEN) - 14 MAY 2023
29,3,AUS,Lisa WEIGHTMAN,Qualified by Entry Standard,2:23:15 - Osaka (JPN) - 26 FEB 2023
,47,ETH,Afera GODFAY,Qualified by Entry Standard,2:23:15 - Toronto (CAN) - 15 OCT 2023
30,1,ITA,Sofiia YAREMCHUK,Qualified by Entry Standard,2:23:16 - Valencia (ESP) - 03 DEC 2023
,49,ETH,Derartu HAILU,Qualified by Entry Standard,2:23:18 - Sevilla (ESP) - 18 FEB 2024
,29,KEN,Helah Jelagat KIPROP,Qualified by Entry Standard,2:23:19 - Paris (FRA) - 02 APR 2023
31,3,GBR,Rose HARVEY,Qualified by Entry Standard,"2:23:21 - Chicago, IL (USA) - 08 OCT 2023"
,30,KEN,Sharon LOKEDI,Qualified by Entry Standard,"2:23:23 - New York, NY (USA) - 06 NOV 2022"
,5,USA,Sara VAUGHN,Qualified by Entry Standard,"2:23:24 - Chicago, IL (USA) - 08 OCT 2023"
,4,AUS,Isobel BATT-DOYLE,Qualified by Entry Standard,2:23:27 - Valencia (ESP) - 03 DEC 2023
,50,ETH,Yeshi Kalayu CHEKOLE,Qualified by Entry Standard,2:23:29 - Paris (FRA) - 02 APR 2023
32,1,ISR,Lonah Chemtai SALPETER,Qualified by Entry Standard,"2:23:30 - New York, NY (USA) - 06 NOV 2022"
33,1,CAN,Malindi ELMORE,Qualified by Entry Standard,2:23:30 - Berlin (GER) - 24 SEP 2023
,51,ETH,Sofia ASSEFA,Qualified by Entry Standard,2:23:33 - Amsterdam (NED) - 15 OCT 2023
,52,ETH,Meseret GEBRE,Qualified by Entry Standard,2:23:38 - Valencia (ESP) - 04 DEC 2022
,31,KEN,Valary JEMELI,Qualified by Entry Standard,2:23:38 - Doha (QAT) - 16 FEB 2024
,53,ETH,Gotytom GEBRESLASE,Qualified by Entry Standard,"2:23:39 - New York, NY (USA) - 06 NOV 2022"
34,1,CRO,Bojana BJELJAC,Qualified by Entry Standard,2:23:39 - Valencia (ESP) - 04 DEC 2022
,33,KEN,Agnes KEINO,Qualified by Entry Standard,2:23:44 - Frankfurt (GER) - 29 OCT 2023
,34,KEN,Joan KIPYATICH,Qualified by Entry Standard,2:23:45 - Doha (QAT) - 16 FEB 2024
35,2,ITA,Giovanna EPIS,Qualified by Entry Standard,2:23:46 - Hamburg (GER) - 23 APR 2023
36,2,GER,Domenika MAYER,Qualified by Entry Standard,2:23:47 - Berlin (GER) - 24 SEP 2023
,35,KEN,Antonina KWAMBAI,Qualified by Entry Standard,2:23:47 - Sevilla (ESP) - 18 FEB 2024
,36,KEN,Margaret Wangari MURIUKI,Qualified by Entry Standard,2:23:52 - Praha (CZE) - 07 MAY 2023
,54,ETH,Meseret TOLWAK,Qualified by Entry Standard,2:23:53 - Dubai (UAE) - 12 FEB 2023
,5,BRN,Dalila ABDULKADIR,Qualified by Entry Standard,2:24:02 - Sevilla (ESP) - 18 FEB 2024
37,1,RSA,Gerda STEYN,Qualified by Entry Standard,2:24:03 - Valencia (ESP) - 03 DEC 2023
,55,ETH,Hawi FEYSA,Qualified by Entry Standard,2:24:03 - Abu Dhabi (UAE) - 16 DEC 2023
38,1,CHN,Deshun ZHANG,Qualified by Entry Standard,2:24:05 - Nagoya (JPN) - 12 MAR 2023
,8,JPN,Yuka SUZUKI,Qualified by Entry Standard,2:24:09 - Tokyo (JPN) - 15 OCT 2023
39,3,UGA,Mercyline CHELANGAT,Qualified by Entry Standard,2:24:12 - Enschede (NED) - 16 APR 2023
40,1,MAR,Fatima Ezzahra GARDADI,Qualified by Entry Standard,2:24:12 - Xiamen (CHN) - 07 JAN 2024
41,1,FRA,Méline ROLLIN,Qualified by Entry Standard,2:24:12 - Sevilla (ESP) - 18 FEB 2024
,37,KEN,Edna Ngeringwony KIPLAGAT,Qualified by Entry Standard,"2:24:16 - New York, NY (USA) - 06 NOV 2022"
,9,JPN,Mao UESUGI,Qualified by Entry Standard,2:24:16 - Nagoya (JPN) - 12 MAR 2023
,56,ETH,Zenebu BIHONEGN,Qualified by Entry Standard,2:24:16 - Hamburg (GER) - 23 APR 2023
42,2,ROU,Joan Chelimo MELLY,Qualified by Entry Standard,2:24:16 - Valencia (ESP) - 03 DEC 2023
43,1,ARG,Florencia BORELLI,Qualified by Entry Standard,2:24:18 - Sevilla (ESP) - 18 FEB 2024
,6,USA,Susanna SULLIVAN,Qualified by Entry Standard,2:24:27 - London (GBR) - 23 APR 2023
44,1,SUI,Fabienne SCHLUMPF,Qualified by Entry Standard,2:24:30 - Valencia (ESP) - 03 DEC 2023
45,1,SWE,Carolina WIKSTRÖM,Qualified by Entry Standard,2:24:30 - Sevilla (ESP) - 18 FEB 2024
,38,KEN,Evaline CHIRCHIR,Qualified by Entry Standard,2:24:31 - Nairobi (KEN) - 29 OCT 2023
46,3,GER,Laura HOTTENROTT,Qualified by Entry Standard,2:24:32 - Valencia (ESP) - 03 DEC 2023
,7,USA,Gabriella ROOKER,Qualified by Entry Standard,"2:24:35 - Chicago, IL (USA) - 08 OCT 2023"
,57,ETH,Tejinesh GEBISA,Qualified by Entry Standard,2:24:37 - Sevilla (ESP) - 18 FEB 2024
47,1,FIN,Camilla RICHARDSSON,Qualified by Entry Standard,2:24:38 - Valencia (ESP) - 03 DEC 2023
,8,USA,Dakotah LINDWURM,Qualified by Entry Standard,"2:24:40 - Chicago, IL (USA) - 08 OCT 2023"
48,2,ESP,Esther NAVARRETE,Qualified by Entry Standard,2:24:40 - Sevilla (ESP) - 18 FEB 2024
,58,ETH,Zenebu FIKADU,Qualified by Entry Standard,2:24:43 - Barcelona (ESP) - 19 MAR 2023
,39,KEN,Jackline CHERONO,Qualified by Entry Standard,2:24:43 - Košice (SVK) - 01 OCT 2023
,10,JPN,Mao ICHIYAMA,Qualified by Entry Standard,2:24:43 - Tokyo (JPN) - 15 OCT 2023
,11,JPN,Sayaka SATO,Qualified by Entry Standard,2:24:43 - Osaka (JPN) - 28 JAN 2024
49,2,FRA,Mekdes WOLDU,Qualified by Entry Standard,2:24:44 - Valencia (ESP) - 03 DEC 2023
,59,ETH,Bedatu HIRPA,Qualified by Entry Standard,2:24:48 - Dubai (UAE) - 12 FEB 2023
,40,KEN,Linet Chepkwemoi MASAI,Qualified by Entry Standard,2:24:49 - Paris (FRA) - 02 APR 2023
,60,ETH,Gadise MULU,Qualified by Entry Standard,2:24:50 - Wien (AUT) - 23 APR 2023
50,1,ECU,Silvia Patricia ORTIZ MOROCHO,Qualified by Entry Standard,2:24:50 - Valencia (ESP) - 03 DEC 2023
,61,ETH,Tsegaye MELESECH,Qualified by Entry Standard,"2:24:50 - Houston, TX (USA) - 14 JAN 2024"
51,2,MAR,Rahma TAHIRI,Qualified by Entry Standard,2:24:51 - Sevilla (ESP) - 18 FEB 2024
,62,ETH,Letebrhan Haylay GEBRESLASEA,Qualified by Entry Standard,2:24:52 - Mumbai (IND) - 15 JAN 2023
52,1,MEX,Citlali CRISTIAN MOSCOTE,Qualified by Entry Standard,2:24:53 - Sevilla (ESP) - 19 FEB 2023
,4,GER,Deborah SCHÖNEBORN,Qualified by Entry Standard,"2:24:54 - Houston, TX (USA) - 14 JAN 2024"
,41,KEN,Sharon Jemutai CHEROP,Qualified by Entry Standard,2:24:56 - Buenos Aires (ARG) - 24 SEP 2023
,5,GER,Katharina STEINRUCK,Qualified by Entry Standard,2:24:56 - Osaka (JPN) - 28 JAN 2024
53,1,BEL,Chloé HERBIET,Qualified by Entry Standard,2:24:56 - Sevilla (ESP) - 18 FEB 2024
54,3,ESP,Meritxell SOLER,Qualified by Entry Standard,2:24:57 - Sevilla (ESP) - 18 FEB 2024
,63,ETH,Aberash FAYESA,Qualified by Entry Standard,2:24:59 - Riyadh (KSA) - 11 FEB 2023
55,3,FRA,Mélody JULIEN,Qualified by Entry Standard,2:25:01 - Valencia (ESP) - 03 DEC 2023
,9,USA,Emma BATES,Qualified by Entry Standard,"2:25:04 - Chicago, IL (USA) - 08 OCT 2023"
,4,GBR,Clara EVANS,Qualified by Entry Standard,2:25:04 - Valencia (ESP) - 03 DEC 2023
56,2,RSA,Cian OLDKNOW,Qualified by Entry Standard,2:25:08 - Sevilla (ESP) - 18 FEB 2024
,12,JPN,Natsumi MATSUSHITA,Qualified by Entry Standard,2:25:10 - Osaka (JPN) - 28 JAN 2024
,64,ETH,Atsede BAYISA,Qualified by Entry Standard,2:25:12 - Firenze (ITA) - 27 NOV 2022
,5,GBR,Lily PARTRIDGE,Qualified by Entry Standard,2:25:12 - Valencia (ESP) - 03 DEC 2023
,13,JPN,Yuna DAITO,Qualified by Entry Standard,2:25:16 - Osaka (JPN) - 28 JAN 2024
,14,JPN,Yumi YOSHIKAWA,Qualified by Entry Standard,2:25:20 - Osaka (JPN) - 29 JAN 2023
,43,KEN,Emily ARUSIO,Qualified by Entry Standard,2:25:22 - Doha (QAT) - 20 JAN 2023
,15,JPN,Sairi MAEDA,Qualified by Entry Standard,2:25:24 - Osaka (JPN) - 29 JAN 2023
,44,KEN,Cynthia KOSGEI,Qualified by Entry Standard,2:25:24 - Enschede (NED) - 16 APR 2023
,16,JPN,Rika KASEDA,Qualified by Entry Standard,2:25:29 - Tokyo (JPN) - 15 OCT 2023
,45,KEN,Daisy CHEROTICH,Qualified by Entry Standard,2:25:30 - Abu Dhabi (UAE) - 17 DEC 2022
,4,ESP,Fatima Azzahraa OUHADDOU NAFIE,Qualified by Entry Standard,2:25:30 - Valencia (ESP) - 03 DEC 2023
,46,KEN,Violah CHEPTOO,Qualified by Entry Standard,"2:25:34 - New York, NY (USA) - 06 NOV 2022"
,65,ETH,Muliye DEKEBO,Qualified by Entry Standard,"2:25:35 - Houston, TX (USA) - 15 JAN 2023"
57,1,COL,Angie ORJUELA,Qualified by Entry Standard,2:25:35 - Berlin (GER) - 24 SEP 2023
,5,ESP,Laura LUENGO,Qualified by Entry Standard,2:25:35 - Valencia (ESP) - 03 DEC 2023
58,1,POR,Susana SANTOS,Qualified by Entry Standard,2:25:35 - Valencia (ESP) - 03 DEC 2023
59,1,CZE,Moira STEWARTOVÁ,Qualified by Entry Standard,2:25:36 - Valencia (ESP) - 03 DEC 2023
,66,ETH,Ethlemahu SINTAYEHU,Qualified by Entry Standard,2:25:36 - Abu Dhabi (UAE) - 16 DEC 2023
,67,ETH,Nigsti HAFTU,Qualified by Entry Standard,2:25:42 - Sevilla (ESP) - 18 FEB 2024
,68,ETH,Ayantu Abera DEMISSE,Qualified by Entry Standard,2:25:44 - Daegu (KOR) - 02 APR 2023
,17,JPN,Kaede KAWAMURA,Qualified by Entry Standard,2:25:44 - Osaka (JPN) - 25 FEB 2024
60,2,CRO,Matea PARLOV KOŠTRO,Qualified by Entry Standard,2:25:45 - Hannover (GER) - 26 MAR 2023
,69,ETH,Fantu ZEWUDE,Qualified by Entry Standard,2:25:45 - Taiyuan (CHN) - 21 MAY 2023
,10,USA,Jessica MCLAIN,Qualified by Entry Standard,"2:25:46 - Orlando, FL (USA) - 03 FEB 2024"
,5,AUS,Eloise WELLINGS,Qualified by Entry Standard,2:25:47 - Valencia (ESP) - 03 DEC 2023
,6,GER,Fabienne KÖNIGSTEIN,Qualified by Entry Standard,2:25:48 - Hamburg (GER) - 23 APR 2023
,4,FRA,Manon TRAPP,Qualified by Entry Standard,2:25:48 - Valencia (ESP) - 03 DEC 2023
,47,KEN,Hellen OBIRI,Qualified by Entry Standard,"2:25:49 - New York, NY (USA) - 06 NOV 2022"
,5,FRA,Fadouwa LEDHEM,Qualified by Entry Standard,2:25:50 - Valencia (ESP) - 03 DEC 2023
,18,JPN,Misaki ICHIDA,Qualified by Entry Standard,2:25:51 - Osaka (JPN) - 26 FEB 2023
,48,KEN,Gladys CHESIR,Qualified by Entry Standard,2:25:51 - Xiamen (CHN) - 02 APR 2023
61,1,POL,Aleksandra LISOWSKA,Qualified by Entry Standard,2:25:52 - Valencia (ESP) - 03 DEC 2023
,70,ETH,Sechale DALASA,Qualified by Entry Standard,2:25:54 - Istanbul (TUR) - 06 NOV 2022
,49,KEN,Judith JERUBET,Qualified by Entry Standard,2:25:54 - Paris (FRA) - 02 APR 2023
62,1,RWA,Clementine MUKANDANGA,Qualified by Entry Standard,2:25:54 - Firenze (ITA) - 26 NOV 2023
63,2,MEX,Margarita HERNANDEZ FLORES,Qualified by Entry Standard,2:25:54 - Valencia (ESP) - 03 DEC 2023
,71,ETH,Alemtsehay ASEFA,Qualified by Entry Standard,2:25:55 - Taipei City (TPE) - 18 DEC 2022
,11,USA,Lauren HAGANS,Qualified by Entry Standard,"2:25:56 - Duluth, MN (USA) - 17 JUN 2023"
,19,JPN,Mirai WAKU,Qualified by Entry Standard,2:25:58 - Nagoya (JPN) - 12 MAR 2023
,73,ETH,Gutemi Shone IMANA,Qualified by Entry Standard,2:25:58 - Xiamen (CHN) - 02 APR 2023
,12,USA,Tristin VAN ORD,Qualified by Entry Standard,"2:25:58 - Chicago, IL (USA) - 08 OCT 2023"
,20,JPN,Chiharu SUZUKI,Qualified by Entry Standard,2:25:59 - Osaka (JPN) - 29 JAN 2023
,74,ETH,Zinash DEBEBE,Qualified by Entry Standard,2:25:59 - Roma (ITA) - 19 MAR 2023
,6,GBR,Samantha HARRISON,Qualified by Entry Standard,2:25:59 - London (GBR) - 23 APR 2023
,75,ETH,Muluhabt TSEGA,Qualified by Entry Standard,2:26:02 - Sevilla (ESP) - 19 FEB 2023
,76,ETH,Abersh MINSEWO,Qualified by Entry Standard,2:26:06 - Mumbai (IND) - 21 JAN 2024
,13,USA,Sara HALL,Qualified by Entry Standard,"2:26:06 - Orlando, FL (USA) - 03 FEB 2024"
,14,USA,Lindsay FLANAGAN,Qualified by Entry Standard,2:26:08 - Tokyo (JPN) - 05 MAR 2023
64,1,NZL,Camille FRENCH,Qualified by Entry Standard,2:26:08 - Valencia (ESP) - 03 DEC 2023
,15,USA,Caroline ROTICH,Qualified by Entry Standard,"2:26:10 - Orlando, FL (USA) - 03 FEB 2024"
65,3,RSA,Irvette VAN ZYL,Qualified by Entry Standard,2:26:11 - Valencia (ESP) - 04 DEC 2022
,50,KEN,Risper CHEBET,Qualified by Entry Standard,2:26:12 - Málaga (ESP) - 11 DEC 2022
,77,ETH,Bone CHELUKE,Qualified by Entry Standard,2:26:13 - Dalian (CHN) - 15 OCT 2023
,6,ESP,Marta GALIMANY,Qualified by Entry Standard,2:26:14 - Valencia (ESP) - 04 DEC 2022
,7,GBR,Natasha WILSON,Qualified by Entry Standard,2:26:14 - Valencia (ESP) - 04 DEC 2022
,51,KEN,Pascalia JEPKOGEI,Qualified by Entry Standard,2:26:14 - Frankfurt (GER) - 29 OCT 2023
,78,ETH,Chernet MISGANAW,Qualified by Entry Standard,2:26:16 - Shanghai (CHN) - 26 NOV 2023
,17,USA,Aliphine Chepkerker TULIAMUK,Qualified by Entry Standard,"2:26:18 - New York, NY (USA) - 06 NOV 2022"
,79,ETH,Gulume CHALA,Qualified by Entry Standard,2:26:19 - Jilin (CHN) - 11 JUN 2023
,80,ETH,Adawork ABERTA,Qualified by Entry Standard,2:26:19 - Košice (SVK) - 01 OCT 2023
66,1,MRI,Marie PERRIER,Qualified by Entry Standard,2:26:19 - Valencia (ESP) - 03 DEC 2023
67,2,POL,Angelika MACH,Qualified by Entry Standard,2:26:19 - Valencia (ESP) - 03 DEC 2023
68,1,IRL,Fionnuala MCCORMACK,Qualified by Entry Standard,2:26:19 - Valencia (ESP) - 03 DEC 2023
,52,KEN,Visiline JEPKESHO,Qualified by Entry Standard,2:26:20 - Frankfurt (GER) - 29 OCT 2023
,53,KEN,Gladys CHEPKURUI,Qualified by Entry Standard,2:26:21 - San Sebastián (ESP) - 27 NOV 2022
,6,BRN,Rose CHELIMO,Qualified by Entry Standard,2:26:21 - Rotterdam (NED) - 16 APR 2023
,81,ETH,Amente Sorome NEGASH,Qualified by Entry Standard,2:26:22 - Dublin (IRL) - 29 OCT 2023
,54,KEN,Vivian KIPLAGAT,Qualified by Entry Standard,2:26:23 - Dongying (CHN) - 22 OCT 2023
69,1,PER,Gladys TEJEDA,Qualified by Entry Standard,2:26:26 - Valencia (ESP) - 04 DEC 2022
,8,GBR,Georgina SCHWIENING,Qualified by Entry Standard,2:26:28 - Valencia (ESP) - 04 DEC 2022
70,2,CHN,Zhixuan LI,Qualified by Entry Standard,2:26:28 - Nagoya (JPN) - 12 MAR 2023
,21,JPN,Kaori MORITA,Qualified by Entry Standard,2:26:31 - Tokyo (JPN) - 05 MAR 2023
,4,UGA,Doreen CHESANG,Qualified by Entry Standard,2:26:31 - Madrid (ESP) - 23 APR 2023
71,2,BEL,Hanne VERBRUGGEN,Qualified by Entry Standard,2:26:32 - Sevilla (ESP) - 19 FEB 2023
72,1,MGL,Khishigsaikhan GALBADRAKH,Qualified by Entry Standard,2:26:32 - Tokyo (JPN) - 03 MAR 2024
,84,ETH,Sentayehu LEWETEGN,Qualified by Entry Standard,"2:26:33 - Houston, TX (USA) - 15 JAN 2023"
73,3,CHN,Li BAI,Qualified by Entry Standard,2:26:33 - Wuxi (CHN) - 19 MAR 2023
,85,ETH,Ayantu KUMELA,Qualified by Entry Standard,2:26:33 - Košice (SVK) - 01 OCT 2023
74,2,ECU,Rosa Alva CHACHA CHACHA,Qualified by Entry Standard,2:26:34 - Hamburg (GER) - 23 APR 2023
75,3,ECU,Mary Zenaida GRANJA,Qualified by Entry Standard,2:26:34 - Sevilla (ESP) - 18 FEB 2024
76,2,NED,Anne LUIJTEN,Qualified by Entry Standard,2:26:36 - Amsterdam (NED) - 15 OCT 2023
77,2,CZE,Tereza HROCHOVÁ,Qualified by Entry Standard,2:26:38 - Sevilla (ESP) - 18 FEB 2024
,86,ETH,Kebene CHALA,Qualified by Entry Standard,2:26:39 - Venezia (ITA) - 22 OCT 2023
,22,JPN,Mizuki TANIMOTO,Qualified by Entry Standard,2:26:40 - Tokyo (JPN) - 15 OCT 2023
,7,ESP,Irene PELAYO,Qualified by Entry Standard,2:26:40 - Valencia (ESP) - 03 DEC 2023
,55,KEN,Veronica MAINA,Qualified by Entry Standard,2:26:41 - Zürich (SUI) - 23 APR 2023
,8,ESP,María José PÉREZ,Qualified by Entry Standard,2:26:42 - Valencia (ESP) - 03 DEC 2023
78,1,AUT,Julia MAYER,Qualified by Entry Standard,2:26:43 - Valencia (ESP) - 03 DEC 2023
,18,USA,Emily DURGIN,Qualified by Entry Standard,2:26:46 - Toronto (CAN) - 15 OCT 2023
79,2,PER,Luz Mery ROJAS,Qualified by Entry Standard,2:26:47 - Sevilla (ESP) - 18 FEB 2024
,56,KEN,Naom JEBET,Qualified by Entry Standard,2:26:48 - Frankfurt (GER) - 29 OCT 2023
80,3,PER,Jovana DE LA CRUZ CAPANI,Qualified by Entry Standard,"2:26:49 - Houston, TX (USA) - 14 JAN 2024"
81,2,TAN,Jackline SAKILU,Qualified by Entry Standard,2:26:50 - Shanghai (CHN) - 26 NOV 2023
,23,JPN,Madoka NAKANO,Qualified by Entry Standard,2:26:50 - Osaka (JPN) - 28 JAN 2024
,87,ETH,Ababel YESHANEH,Qualified by Designated Competition,"4th - Boston, MA (USA) - 17 APR 2023"
,58,KEN,Mary Wacera NGUGI,Qualified by Designated Competition,"5th - New York, NY (USA) - 05 NOV 2023"
,88,ETH,Yenenesh TILAHUN DINKESA,Qualified by Designated Competition,5th - Xiamen (CHN) - 02 APR 2023
82,2,ERI,Nazret WELDU,Next best by World Rankings,48th - 1271p
,89,ETH,Medina Deme ARMINO,Next best by World Rankings,108th - 1216p
83,3,NED,Nienke BRINKMAN,Next best by World Rankings,130th - 1205p
,90,ETH,Gebeyanesh AYELE,Next best by World Rankings,145th - 1197p
,91,ETH,Nigist MULUNEH,Next best by World Rankings,152nd - 1194p
,92,ETH,Obse ABDETA,Next best by World Rankings,155th - 1192p
,59,KEN,Lucy KARIMI,Next best by World Rankings,166th - 1190p
,24,JPN,Honoka TANAIKE,Next best by World Rankings,171st - 1186p
,25,JPN,Sakiho TSUTSUI,Next best by World Rankings,175th - 1185p
,7,GER,Miriam DATTKE,Next best by World Rankings,178th - 1184p
,93,ETH,Bosena MULATIE,Next best by World Rankings,182nd - 1184p
,94,ETH,Medhin GEBRESLASSIE,Next best by World Rankings,186th - 1182p
,60,KEN,Caroline JEPCHIRCHIR,Next best by World Rankings,188th - 1181p
,96,ETH,Koren Jelila YAL,Next best by World Rankings,193rd - 1178p
,61,KEN,Ruth CHEBITOK,Next best by World Rankings,195th - 1177p
,97,ETH,Kasu BITEW,Next best by World Rankings,197th - 1176p
,19,USA,Keira D'AMATO,Next best by World Rankings,203rd - 1174p
,4,CHN,Yuyu XIA,Next best by World Rankings,204th - 1174p
,20,USA,Nell ROJAS,Next best by World Rankings,208th - 1173p
,99,ETH,Yeneabeba EIGU,Next best by World Rankings,216th - 1172p
,62,KEN,Pamela ROTICH,Next best by World Rankings,221st - 1171p
,100,ETH,Tseginesh MEKONNIN,Next best by World Rankings,226th - 1170p
,101,ETH,Feyne GEMEDA,Next best by World Rankings,233rd - 1167p
,26,JPN,Yukari ABE,Next best by World Rankings,236th - 1166p
,63,KEN,Shamilah Tekaa KIPSIROR,Next best by World Rankings,237th - 1166p
,64,KEN,Abigael JELIMO,Next best by World Rankings,238th - 1165p
,65,KEN,Sophy JEPCHIRCHIR,Next best by World Rankings,242nd - 1162p
,66,KEN,Sheila CHEPKECH,Next best by World Rankings,243rd - 1162p
,102,ETH,Tigist TADESE,Next best by World Rankings,250th - 1160p
,21,USA,Kellyn TAYLOR,Next best by World Rankings,251st - 1159p
,67,KEN,Caroline Jebet KORIR,Next best by World Rankings,253rd - 1159p
,103,ETH,Emebet NIGUSE,Next best by World Rankings,254th - 1159p
,4,RSA,Dominique SCOTT,Next best by World Rankings,257th - 1158p
84,3,MAR,Kaltoum BOUAASAYRIYA,Next best by World Rankings,260th - 1157p
,68,KEN,Peniah JEROP,Next best by World Rankings,261st - 1157p
,22,USA,Annie FRISBIE,Next best by World Rankings,262nd - 1157p
85,1,ALG,Amina BETTICHE,Next best by World Rankings,263rd - 1157p
86,1,KOR,Kyungsun CHOI,Next best by World Rankings,266th - 1156p
87,2,CAN,Natasha WODAK,Next best by World Rankings,267th - 1156p
88,1,KGZ,Sardana TROFIMOVA,Next best by World Rankings,269th - 1155p
,27,JPN,Mayu NISHIKAWA,Next best by World Rankings,270th - 1155p
,104,ETH,Genet Habela ABDURKADIR,Next best by World Rankings,272nd - 1155p
,105,ETH,Abebech AFEWORK,Next best by World Rankings,273rd - 1155p
89,3,POL,Aleksandra BRZEZIŃSKA,Next best by World Rankings,274th - 1155p
,69,KEN,Emily Chebet KIPCHUMBA,Next best by World Rankings,276th - 1155p
90,2,FIN,Alisa VAINIO,Next best by World Rankings,279th - 1154p
,23,USA,Desiree LINDEN,Next best by World Rankings,280th - 1154p
,107,ETH,Sichala KUMESHI,Next best by World Rankings,281st - 1153p
91,2,POR,Solange JESUS,Next best by World Rankings,282nd - 1153p
,108,ETH,Tiki GELANA,Next best by World Rankings,283rd - 1152p
,28,JPN,Yuri KARASAWA,Next best by World Rankings,284th - 1152p
,109,ETH,Sifan MELAKU,Next best by World Rankings,286th - 1152p
,110,ETH,Worknesh ALEMU,Next best by World Rankings,290th - 1152p
,24,USA,Paige WOOD,Next best by World Rankings,291st - 1151p
,111,ETH,Tadelech BEKELE,Next best by World Rankings,292nd - 1151p
,112,ETH,Tejitu SIYUM,Next best by World Rankings,294th - 1151p
,5,CHN,Ying LU,Next best by World Rankings,295th - 1150p
,4,PER,Aydee LOAYZA HUAMAN,Next best by World Rankings,298th - 1150p
,113,ETH,Nurit SHIMELS,Next best by World Rankings,299th - 1150p
,114,ETH,Kebebush YISMA,Next best by World Rankings,301st - 1149p
,25,USA,Jacqueline GAUGHAN,Next best by World Rankings,303rd - 1149p
,115,ETH,Aamelmal TAGEL,Next best by World Rankings,304th - 1149p
,70,KEN,Rebecca JERUTO,Next best by World Rankings,306th - 1148p
,71,KEN,Caroline Cheptanui KILEL,Next best by World Rankings,307th - 1148p
,29,JPN,Kaena TAKEYAMA,Next best by World Rankings,309th - 1147p
,4,MAR,Rkia EL MOUKIM,Next best by World Rankings,311th - 1147p
,26,USA,Maegan KRIFCHIN,Next best by World Rankings,312th - 1147p
,116,ETH,Delele CHEKLIE,Next best by World Rankings,313th - 1147p
92,3,BEL,Astrid VERHOEVEN,Next best by World Rankings,315th - 1145p
,117,ETH,Fetale TSEGAYE,Next best by World Rankings,315th - 1145p
93,3,MEX,Isabel OROPEZA VAZQUEZ,Next best by World Rankings,318th - 1145p
,27,USA,Maggie MONTOYA,Next best by World Rankings,319th - 1145p
,119,ETH,Selam FENTE,Next best by World Rankings,320th - 1145p
,120,ETH,Jemila WORTESA,Next best by World Rankings,321st - 1144p
,121,ETH,Gelane SENBETE,Next best by World Rankings,323rd - 1144p
